-- phpMyAdmin SQL Dump
-- version 5.2.1
-- https://www.phpmyadmin.net/
--
-- Host: localhost
-- Generation Time: Jan 27, 2024 at 12:56 PM
-- Server version: 10.4.28-MariaDB
-- PHP Version: 8.2.4

SET SQL_MODE = "NO_AUTO_VALUE_ON_ZERO";
START TRANSACTION;
SET time_zone = "+00:00";


/*!40101 SET @OLD_CHARACTER_SET_CLIENT=@@CHARACTER_SET_CLIENT */;
/*!40101 SET @OLD_CHARACTER_SET_RESULTS=@@CHARACTER_SET_RESULTS */;
/*!40101 SET @OLD_COLLATION_CONNECTION=@@COLLATION_CONNECTION */;
/*!40101 SET NAMES utf8mb4 */;

--
-- Database: `ftth_ussd`
--

-- --------------------------------------------------------

--
-- Table structure for table `cases_reported`
--

CREATE TABLE `cases_reported` (
  `id` int(11) NOT NULL,
  `haik_Ref` varchar(20) NOT NULL,
  `reported_case` text NOT NULL,
  `time` datetime NOT NULL DEFAULT current_timestamp()
) ENGINE=InnoDB DEFAULT CHARSET=utf8mb4 COLLATE=utf8mb4_general_ci;

-- --------------------------------------------------------

--
-- Table structure for table `chat`
--

CREATE TABLE `chat` (
  `id` int(11) NOT NULL,
  `CustomerID` varchar(20) DEFAULT NULL,
  `FirstName` text NOT NULL,
  `LastName` text NOT NULL,
  `MobileNumber` varchar(30) NOT NULL,
  `time` datetime NOT NULL DEFAULT current_timestamp()
) ENGINE=InnoDB DEFAULT CHARSET=utf8mb4 COLLATE=utf8mb4_general_ci;

--
-- Dumping data for table `chat`
--

INSERT INTO `chat` (`id`, `CustomerID`, `FirstName`, `LastName`, `MobileNumber`, `time`) VALUES
(2, 'LHK-00011', 'John', 'Mutata', '+254717810466', '2024-01-27 14:10:37');

-- --------------------------------------------------------

--
-- Table structure for table `customers`
--

CREATE TABLE `customers` (
  `CustomerID` varchar(20) NOT NULL,
  `CustomerName` text NOT NULL,
  `FirstName` text NOT NULL,
  `LastName` text NOT NULL,
  `AddressLine1` text NOT NULL,
  `EMailAddress` text NOT NULL,
  `MobileNumber` varchar(20) NOT NULL,
  `ServiceID` varchar(30) NOT NULL,
  `haik_Ref` varchar(30) NOT NULL,
  `PyramitePackageName` text NOT NULL,
  `PrismPackageName` text NOT NULL,
  `Response` text NOT NULL,
  `ServiceUserGrp` text NOT NULL
) ENGINE=InnoDB DEFAULT CHARSET=utf8mb4 COLLATE=utf8mb4_general_ci;

--
-- Dumping data for table `customers`
--

INSERT INTO `customers` (`CustomerID`, `CustomerName`, `FirstName`, `LastName`, `AddressLine1`, `EMailAddress`, `MobileNumber`, `ServiceID`, `haik_Ref`, `PyramitePackageName`, `PrismPackageName`, `Response`, `ServiceUserGrp`) VALUES
('LHK-00003', 'Brian Nyikuli', 'Brian', 'Nyikuli', 'Box 62499-00200', 'brian.nyikuli554@gmail.com', '725451031', 'LHK-00003-0001', 'haik111098', 'NULL', 'FIBER 100MBPS HOME PAYG', 'haik111098@ke.liquidtelecom.net', 'NULL'),
('LHK-00010', 'Joash Mkitanga', 'Joash', 'Mkitanga', 'KITENGELA', 'joash.mkitanga@liquidtelecom.com', '780419095', 'LHK-00010-0001', 'haik105551', 'NULL', 'FIBER 50MBPS HOME PAYG', 'haik105551@ke.liquidtelecom.net', 'HAI-WAYA HOME'),
('LHK-00011', 'John Mutata', 'John', 'Mutata', 'Ravine Apartments', 'johnymtata@gmail.com', '717810466', 'LHK-00011-0001', 'haik110744', 'NULL', 'FIBER 10MBPS HOME PAYG', 'haik110744@ke.liquidtelecom.net', 'Hai-Max Home'),
('LHK-00012', 'Nicholas Kabingu', 'Nicholas', 'Kabingu', 'Nakuru', 'nicholas.kabingu@liquid.tech', '729961673', 'LHK-00012-0001', 'haik115643', 'NULL', 'FIBER 10MBPS HOME PAYG', 'haik115643@ke.liquidtelecom.net', 'Hai-Max Home');

-- --------------------------------------------------------

--
-- Table structure for table `customer_details`
--

CREATE TABLE `customer_details` (
  `CustomerID` int(11) NOT NULL,
  `FirstName` text NOT NULL,
  `LastName` text NOT NULL,
  `MobileNumber` varchar(20) NOT NULL,
  `reg_date` datetime NOT NULL DEFAULT current_timestamp()
) ENGINE=InnoDB DEFAULT CHARSET=utf8mb4 COLLATE=utf8mb4_general_ci;

--
-- Dumping data for table `customer_details`
--

INSERT INTO `customer_details` (`CustomerID`, `FirstName`, `LastName`, `MobileNumber`, `reg_date`) VALUES
(2, 'Joseph', 'Otieno', '+254711952087', '2024-01-26 13:03:42');

-- --------------------------------------------------------

--
-- Table structure for table `get_internet`
--

CREATE TABLE `get_internet` (
  `CustomerID` varchar(30) NOT NULL,
  `Capacity` varchar(20) NOT NULL,
  `Location` varchar(30) NOT NULL,
  `request_date` datetime NOT NULL DEFAULT current_timestamp()
) ENGINE=InnoDB DEFAULT CHARSET=utf8mb4 COLLATE=utf8mb4_general_ci;

--
-- Dumping data for table `get_internet`
--

INSERT INTO `get_internet` (`CustomerID`, `Capacity`, `Location`, `request_date`) VALUES
('2', '10Mbps', 'Syokimau', '2024-01-26 13:03:42'),
('2', '25Mbps', 'Runda', '2024-01-26 13:04:20'),
('LHK-00010', '25Mbps', 'Syokimau', '2024-01-26 15:05:26'),
('LHK-00011', '100Mbps', 'Embakasi', '2024-01-26 16:30:56');

-- --------------------------------------------------------

--
-- Table structure for table `plan_change`
--

CREATE TABLE `plan_change` (
  `id` int(11) NOT NULL,
  `haik_Ref` varchar(30) NOT NULL,
  `from_mbps` varchar(20) NOT NULL,
  `to_mbps` varchar(20) NOT NULL,
  `request_time` datetime NOT NULL DEFAULT current_timestamp()
) ENGINE=InnoDB DEFAULT CHARSET=utf8mb4 COLLATE=utf8mb4_general_ci;

-- --------------------------------------------------------

--
-- Table structure for table `project_list`
--

CREATE TABLE `project_list` (
  `id` int(30) NOT NULL,
  `name` varchar(200) NOT NULL,
  `description` text NOT NULL,
  `status` tinyint(2) NOT NULL,
  `start_date` date NOT NULL,
  `end_date` date NOT NULL,
  `manager_id` int(30) NOT NULL,
  `user_ids` text NOT NULL,
  `date_created` datetime NOT NULL DEFAULT current_timestamp()
) ENGINE=InnoDB DEFAULT CHARSET=utf8mb4 COLLATE=utf8mb4_general_ci;

--
-- Dumping data for table `project_list`
--

INSERT INTO `project_list` (`id`, `name`, `description`, `status`, `start_date`, `end_date`, `manager_id`, `user_ids`, `date_created`) VALUES
(1, 'Sample Project', '								&lt;span style=&quot;color: rgb(0, 0, 0); font-family: &amp;quot;Open Sans&amp;quot;, Arial, sans-serif; font-size: 14px; text-align: justify;&quot;&gt;Lorem ipsum dolor sit amet, consectetur adipiscing elit. In elementum, metus vitae malesuada mollis, urna nisi luctus ligula, vitae volutpat massa eros eu ligula. Nunc dui metus, iaculis id dolor non, luctus tristique libero. Aenean et sagittis sem. Nulla facilisi. Mauris at placerat augue. Nullam porttitor felis turpis, ac varius eros placerat et. Nunc ut enim scelerisque, porta lacus vitae, viverra justo. Nam mollis turpis nec dolor feugiat, sed bibendum velit placerat. Etiam in hendrerit leo. Nullam mollis lorem massa, sit amet tincidunt dolor lacinia at.&lt;/span&gt;							', 0, '2020-11-03', '2021-01-20', 2, '3,4,5', '2020-12-03 09:56:56'),
(2, 'Sample Project 102', 'Sample Only', 0, '2020-12-02', '2020-12-31', 2, '3', '2020-12-03 13:51:54');

-- --------------------------------------------------------

--
-- Table structure for table `system_settings`
--

CREATE TABLE `system_settings` (
  `id` int(30) NOT NULL,
  `name` text NOT NULL,
  `email` varchar(200) NOT NULL,
  `contact` varchar(20) NOT NULL,
  `address` text NOT NULL,
  `cover_img` text NOT NULL
) ENGINE=InnoDB DEFAULT CHARSET=utf8mb4 COLLATE=utf8mb4_general_ci;

--
-- Dumping data for table `system_settings`
--

INSERT INTO `system_settings` (`id`, `name`, `email`, `contact`, `address`, `cover_img`) VALUES
(1, 'FTTH USSD System', 'joseph.otieno@liquid.tech', '+6948 8542 623', 'Sameer Business Park, Mombasa Road', '');

-- --------------------------------------------------------

--
-- Table structure for table `task_list`
--

CREATE TABLE `task_list` (
  `id` int(30) NOT NULL,
  `project_id` int(30) NOT NULL,
  `task` varchar(200) NOT NULL,
  `description` text NOT NULL,
  `status` tinyint(4) NOT NULL,
  `date_created` datetime NOT NULL DEFAULT current_timestamp()
) ENGINE=InnoDB DEFAULT CHARSET=utf8mb4 COLLATE=utf8mb4_general_ci;

--
-- Dumping data for table `task_list`
--

INSERT INTO `task_list` (`id`, `project_id`, `task`, `description`, `status`, `date_created`) VALUES
(1, 1, 'Sample Task 1', '								&lt;span style=&quot;color: rgb(0, 0, 0); font-family: &amp;quot;Open Sans&amp;quot;, Arial, sans-serif; font-size: 14px; text-align: justify;&quot;&gt;Fusce ullamcorper mattis semper. Nunc vel risus ipsum. Sed maximus dapibus nisl non laoreet. Pellentesque quis mauris odio. Donec fermentum facilisis odio, sit amet aliquet purus scelerisque eget.&amp;nbsp;&lt;/span&gt;													', 3, '2020-12-03 11:08:58'),
(2, 1, 'Sample Task 2', 'Sample Task 2							', 1, '2020-12-03 13:50:15'),
(3, 2, 'Task Test', 'Sample', 1, '2020-12-03 13:52:25'),
(4, 2, 'test 23', 'Sample test 23', 1, '2020-12-03 13:52:40');

-- --------------------------------------------------------

--
-- Table structure for table `users`
--

CREATE TABLE `users` (
  `id` int(30) NOT NULL,
  `firstname` varchar(200) NOT NULL,
  `lastname` varchar(200) NOT NULL,
  `email` varchar(200) NOT NULL,
  `password` text NOT NULL,
  `type` tinyint(1) NOT NULL DEFAULT 2 COMMENT '1 = admin, 2 = staff',
  `avatar` text NOT NULL DEFAULT 'no-image-available.png',
  `date_created` datetime NOT NULL DEFAULT current_timestamp()
) ENGINE=InnoDB DEFAULT CHARSET=utf8mb4 COLLATE=utf8mb4_general_ci;

--
-- Dumping data for table `users`
--

INSERT INTO `users` (`id`, `firstname`, `lastname`, `email`, `password`, `type`, `avatar`, `date_created`) VALUES
(1, 'Administrator', '', 'admin@admin.com', '0192023a7bbd73250516f069df18b500', 1, 'no-image-available.png', '2020-11-26 10:57:04'),
(2, 'John', 'Smith', 'jsmith@sample.com', '1254737c076cf867dc53d60a0364f38e', 2, '1606978560_avatar.jpg', '2020-12-03 09:26:03'),
(3, 'Claire', 'Blake', 'cblake@sample.com', '4744ddea876b11dcb1d169fadf494418', 3, '1606958760_47446233-clean-noir-et-gradient-sombre-image-de-fond-abstrait-.jpg', '2020-12-03 09:26:42'),
(4, 'George', 'Wilson', 'gwilson@sample.com', 'd40242fb23c45206fadee4e2418f274f', 3, '1606963560_avatar.jpg', '2020-12-03 10:46:41'),
(5, 'Mike', 'Williams', 'mwilliams@sample.com', '3cc93e9a6741d8b40460457139cf8ced', 3, '1606963620_47446233-clean-noir-et-gradient-sombre-image-de-fond-abstrait-.jpg', '2020-12-03 10:47:06');

-- --------------------------------------------------------

--
-- Table structure for table `user_productivity`
--

CREATE TABLE `user_productivity` (
  `id` int(30) NOT NULL,
  `project_id` int(30) NOT NULL,
  `task_id` int(30) NOT NULL,
  `comment` text NOT NULL,
  `subject` varchar(200) NOT NULL,
  `date` date NOT NULL,
  `start_time` time NOT NULL,
  `end_time` time NOT NULL,
  `user_id` int(30) NOT NULL,
  `time_rendered` float NOT NULL,
  `date_created` datetime NOT NULL DEFAULT current_timestamp()
) ENGINE=InnoDB DEFAULT CHARSET=utf8mb4 COLLATE=utf8mb4_general_ci;

--
-- Dumping data for table `user_productivity`
--

INSERT INTO `user_productivity` (`id`, `project_id`, `task_id`, `comment`, `subject`, `date`, `start_time`, `end_time`, `user_id`, `time_rendered`, `date_created`) VALUES
(1, 1, 1, '							&lt;p&gt;Sample Progress&lt;/p&gt;&lt;ul&gt;&lt;li&gt;Test 1&lt;/li&gt;&lt;li&gt;Test 2&lt;/li&gt;&lt;li&gt;Test 3&lt;/li&gt;&lt;/ul&gt;																			', 'Sample Progress', '2020-12-03', '08:00:00', '10:00:00', 1, 2, '2020-12-03 12:13:28'),
(2, 1, 1, '							Sample Progress						', 'Sample Progress 2', '2020-12-03', '13:00:00', '14:00:00', 1, 1, '2020-12-03 13:48:28'),
(3, 1, 2, '							Sample						', 'Test', '2020-12-03', '08:00:00', '09:00:00', 5, 1, '2020-12-03 13:57:22'),
(4, 1, 2, 'asdasdasd', 'Sample Progress', '2020-12-02', '08:00:00', '10:00:00', 2, 2, '2020-12-03 14:36:30');

--
-- Indexes for dumped tables
--

--
-- Indexes for table `cases_reported`
--
ALTER TABLE `cases_reported`
  ADD PRIMARY KEY (`id`);

--
-- Indexes for table `chat`
--
ALTER TABLE `chat`
  ADD PRIMARY KEY (`id`);

--
-- Indexes for table `customer_details`
--
ALTER TABLE `customer_details`
  ADD PRIMARY KEY (`CustomerID`);

--
-- Indexes for table `plan_change`
--
ALTER TABLE `plan_change`
  ADD PRIMARY KEY (`id`);

--
-- Indexes for table `project_list`
--
ALTER TABLE `project_list`
  ADD PRIMARY KEY (`id`);

--
-- Indexes for table `system_settings`
--
ALTER TABLE `system_settings`
  ADD PRIMARY KEY (`id`);

--
-- Indexes for table `task_list`
--
ALTER TABLE `task_list`
  ADD PRIMARY KEY (`id`);

--
-- Indexes for table `users`
--
ALTER TABLE `users`
  ADD PRIMARY KEY (`id`);

--
-- Indexes for table `user_productivity`
--
ALTER TABLE `user_productivity`
  ADD PRIMARY KEY (`id`);

--
-- AUTO_INCREMENT for dumped tables
--

--
-- AUTO_INCREMENT for table `cases_reported`
--
ALTER TABLE `cases_reported`
  MODIFY `id` int(11) NOT NULL AUTO_INCREMENT, AUTO_INCREMENT=2;

--
-- AUTO_INCREMENT for table `chat`
--
ALTER TABLE `chat`
  MODIFY `id` int(11) NOT NULL AUTO_INCREMENT, AUTO_INCREMENT=3;

--
-- AUTO_INCREMENT for table `customer_details`
--
ALTER TABLE `customer_details`
  MODIFY `CustomerID` int(11) NOT NULL AUTO_INCREMENT, AUTO_INCREMENT=4;

--
-- AUTO_INCREMENT for table `plan_change`
--
ALTER TABLE `plan_change`
  MODIFY `id` int(11) NOT NULL AUTO_INCREMENT, AUTO_INCREMENT=3;

--
-- AUTO_INCREMENT for table `project_list`
--
ALTER TABLE `project_list`
  MODIFY `id` int(30) NOT NULL AUTO_INCREMENT, AUTO_INCREMENT=3;

--
-- AUTO_INCREMENT for table `system_settings`
--
ALTER TABLE `system_settings`
  MODIFY `id` int(30) NOT NULL AUTO_INCREMENT, AUTO_INCREMENT=2;

--
-- AUTO_INCREMENT for table `task_list`
--
ALTER TABLE `task_list`
  MODIFY `id` int(30) NOT NULL AUTO_INCREMENT, AUTO_INCREMENT=5;

--
-- AUTO_INCREMENT for table `users`
--
ALTER TABLE `users`
  MODIFY `id` int(30) NOT NULL AUTO_INCREMENT, AUTO_INCREMENT=6;

--
-- AUTO_INCREMENT for table `user_productivity`
--
ALTER TABLE `user_productivity`
  MODIFY `id` int(30) NOT NULL AUTO_INCREMENT, AUTO_INCREMENT=5;
COMMIT;

/*!40101 SET CHARACTER_SET_CLIENT=@OLD_CHARACTER_SET_CLIENT */;
/*!40101 SET CHARACTER_SET_RESULTS=@OLD_CHARACTER_SET_RESULTS */;
/*!40101 SET COLLATION_CONNECTION=@OLD_COLLATION_CONNECTION */;
